title;sinopsis;main genre;second genre;author;num_page;avg_rating;rating;myrate;date_read;date_added
Caraval;A legendary competition.A mesmerizing romance.An unbreakable bondbetween two sisters.Scarlett Dragna has never left the tiny island where she and her sister, Tella, live with their powerful, and cruel, father. Now Scarlett’s father has arranged a marriage for her, and Scarlett thinks her dreams of seeing Caraval—the faraway, once-a-year performance where the audience participates in the show—are over.But this year, Scarlett’s long-dreamt-of invitation finally arrives. With the help of a mysterious sailor, Tella whisks Scarlett away to the show. Only, as soon as they arrive, Tella is kidnapped by Caraval’s mastermind organizer, Legend. It turns out that this season’s Caraval revolves around Tella, and whoever finds her first is the winner.Scarlett has been told that everything that happens during Caraval is only an elaborate performance. Nevertheless she becomes enmeshed in a game of love, heartbreak, and magic. And whether Caraval is real or not, Scarlett must find Tella before the five nights of the game are over or a dangerous domino effect of consequences will be set off, and her beloved sister will disappear forever.Welcome, welcome to Caraval . . . beware of getting swept too far away.;Fantasy;Young Adult;Garber, Stephanie;407;4;4;really liked it;Jan 04, 2023;Dec 21, 2022
Los dos amores de mi vida;Con poco más de veinte años, Emma Blair se casa con su amor de juventud, Jesse. Juntos construyen una vida a su medida, alejada de las expectativas de sus familias y entorno más cercano. Recorren el mundo, Emma como escritora freelance y Jesse como ayudante de producción de documentales sobre naturaleza, exprimiendo la vida al máximo y aprovechando cada oportunidad que se les presenta de vivir aventuras. En su primer aniversario de bodas, Jesse recibe el encargo de ir a trabajar a las Islas Aleutianas. Y mientras sobrevuela el Pacífico, su helicóptero desaparece. Así, sin más, Jesse se va para siempre.Emma deja su trabajo y regresa a su hogar en un esfuerzo por recomponer su vida. Años después, cuando ya ha cumplido los treinta, se reencuentra con Sam, un viejo amigo, y vuelve a enamorarse. Cuando Emma y Sam se comprometen, parece que la vida le está brindando una nueva oportunidad en el amor.Pero entonces encuentran a Jesse. Está vivo, y lleva años intentando volver a casa. Emma tiene ahora un marido y un prometido, ¿pero quién de ellos es su verdadero amor? ¿Qué significa en realidad amar de verdad? Emma sabe que debe escuchar a su corazón. Es solo que no está segura de qué le está diciendo.;Romance;Fiction;Reid, Taylor Jenkins;320;4.10;4;really liked it;Dec 14, 2022;Dec 13, 2022
Love on the Brain;From the New York Times bestselling author of The Love Hypothesis comes a new STEMinist rom-com in which a scientist is forced to work on a project with her nemesis—with explosive results.Bee Königswasser lives by a simple code: What would Marie Curie do? If NASA offered her the lead on a neuroengineering project - a literal dream come true - Marie would accept without hesitation. Duh. But the mother of modern physics never had to co-lead with Levi Ward.Sure, Levi is attractive in a tall, dark, and piercing-eyes kind of way. But Levi made his feelings toward Bee very clear in grad school - archenemies work best employed in their own galaxies far, far away.But when her equipment starts to go missing and the staff ignore her, Bee could swear she sees Levi softening into an ally, backing her plays, seconding her ideas... devouring her with those eyes. The possibilities have all her neurons firing.But when it comes time to actually make a move and put her heart on the line, there's only one question that matters: What will Bee Königswasser do?;Romance;Contemporary;Hazelwood, Ali;368;3.99;2;it was ok;Dec 13, 2022;Aug 21, 2022
Heartstopper: Volume Three;In this volume we’ll see the Heartstopper gang go on a school trip to Paris! Not only are Nick and Charlie navigating a new city, but also telling more people about their relationship AND learning more about the challenges each other are facing in private…Meanwhile Tao and Elle will face their feelings for each other, Tara and Darcy share more about their relationship origin story, and the teachers supervising the trip seem… rather close…?;Graphic Novels;Romance;Oseman, Alice;384;4.61;5;it was amazing;Nov 27, 2022;Nov 25, 2022
Heartstopper: Volume One;Charlie, a highly-strung, openly gay over-thinker, and Nick, a cheerful, soft-hearted rugby player, meet at a British all-boys grammar school. Friendship blooms quickly, but could there be something more...?Charlie Spring is in Year 10 at Truham Grammar School for Boys. The past year hasn't been too great, but at least he's not being bullied anymore. Nick Nelson is in Year 11 and on the school rugby team. He's heard a little about Charlie - the kid who was outed last year and bullied for a few months - but he's never had the opportunity to talk to him.They quickly become friends, and soon Charlie is falling hard for Nick, even though he doesn't think he has a chance. But love works in surprising ways, and sometimes good things are waiting just around the corner...;Graphic Novels;Romance;Oseman, Alice;288;4.51;5;it was amazing;Nov 25, 2022;Jul 19, 2021
Heartstopper: Volume Two;Nick and Charlie are best friends. Nick knows Charlie's gay, and Charlie is sure that Nick isn't. But love works in surprising ways, and Nick is discovering all kinds of things about his friends, his family ... and himself.;Graphic Novels;Romance;Oseman, Alice;320;4.58;5;it was amazing;Nov 25, 2022;Nov 25, 2022
Verity;Lowen Ashleigh is a struggling writer on the brink of financial ruin when she accepts the job offer of a lifetime. Jeremy Crawford, husband of bestselling author Verity Crawford, has hired Lowen to complete the remaining books in a successful series his injured wife is unable to finish.Lowen arrives at the Crawford home, ready to sort through years of Verity's notes and outlines, hoping to find enough material to get her started. What Lowen doesn't expect to uncover in the chaotic office is an unfinished autobiography Verity never intended for anyone to read. Page after page of bone-chilling admissions, including Verity's recollection of what really happened the day her daughter died.Lowen decides to keep the manuscript hidden from Jeremy, knowing its contents would devastate the already grieving father. But as Lowen's feelings for Jeremy begin to intensify, she recognizes all the ways she could benefit if he were to read his wife's words. After all, no matter how devoted Jeremy is to his injured wife, a truth this horrifying would make it impossible for him to continue to love her.;Thriller;Romance;Hoover, Colleen;336;4.38;4;really liked it;Sep 03, 2022;Aug 01, 2022
Below Zero;It will take the frosty terrain of the Arctic to show these rival scientists that their chemistry burns hot.Mara, Sadie, and Hannah are friends first, scientists always. Though their fields of study might take them to different corners of the world, they can all agree on this universal truth: when it comes to love and science, opposites attract and rivals make you burn… Hannah’s got a bad feeling about this. Not only has the NASA aerospace engineer found herself injured and stranded at a remote Arctic research station—but the one person willing to undertake the hazardous rescue mission is her longtime rival. Ian has been many things to Hannah: the villain who tried to veto her expedition and ruin her career, the man who stars in her most deliciously lurid dreams…but he’s never played the hero. So why is he risking everything to be here? And why does his presence seem just as dangerous to her heart as the coming snowstorm? To read Mara and Sadie’s stories look for the novellas Under One Roof and Stuck with You available now from Berkley!;Romance;Contemporary;Hazelwood, Ali;139;3.65;3;liked it;Sep 03, 2022;Aug 21, 2022
Stuck with You;Nothing like a little rivalry between scientists to take love to the next level.Mara, Sadie, and Hannah are friends first, scientists always. Though their fields of study might take them to different corners of the world, they can all agree on this universal truth: when it comes to love and science, opposites attract and rivals make you burn… Logically, Sadie knows that civil engineers are supposed to build bridges. However, as a woman of STEM she also understands that variables can change, and when you are stuck for hours in a tiny New York elevator with the man who broke your heart, you earn the right to burn that brawny, blond bridge to the ground. Erik can apologize all he wants, but to quote her rebel leader—she’d just as soon kiss a Wookiee. Not even the most sophisticated of Sadie’s superstitious rituals could have predicted such a disastrous reunion. But while she refuses to acknowledge the siren call of Erik’s steely forearms or the way his voice softens when he offers her his sweater, Sadie can’t help but wonder if there might be more layers to her cold-hearted nemesis than meet the eye. Maybe, possibly, even burned bridges can still be crossed…. To read Mara and Hannah’s stories look for the novellas Under One Roof, available now, and Below Zero, coming soon from Berkley!;Romance;Contemporary;Hazelwood, Ali;127;3.65;5;it was amazing;Aug 21, 2022;Aug 21, 2022
Under One Roof;A scientist should never cohabitate with her annoyingly hot nemesis – it leads to combustion.Mara, Sadie, and Hannah are friends first, scientists always. Though their fields of study might take them to different corners of the world, they can all agree on this universal truth: when it comes to love and science, opposites attract and rivals make you burn….As an environmental engineer, Mara knows all about the delicate nature of ecosystems. They require balance. And leaving the thermostat alone. And not stealing someone else’s food. And other rules Liam, her detestable big-oil lawyer of a roommate, knows nothing about. Okay, sure, technically she’s the interloper. Liam was already entrenched in his aunt’s house like some glowering grumpy giant when Mara moved in, with his big muscles and kissable mouth just sitting there on the couch tempting respectable scientists to the dark side…but Helena was her mentor and Mara’s not about to move out and give up her inheritance without a fight.The problem is, living with someone means getting to know them. And the more Mara finds out about Liam, the harder it is to loathe him…and the easier it is to love him.To listen to Sadie and Hannah’s stories, look for the novellas Stuck with You and Below Zero, coming soon, available first on audio!;Romance;Contemporary;Hazelwood, Ali;112;3.71;4;really liked it;Aug 21, 2022;Aug 21, 2022
Botones y encaje;Tengo una deuda con él.  Una gran deuda.  Se puede pagar con dinero o con favores.  Él sólo quiere una cosa.  A mí.  Toda acción obtiene una recompensa. Un botón. Cuando consiga llenar su frasco con trescientos sesenta y cinco botones, me dejará marchar.  Dejará que me vaya.  Pero tengo que ganarme todos y cada uno de ellos.  Sometiéndome al hombre más oscuro, cruel y atractivo que he conocido nunca.  ** AVISO DE SENSIBILIDAD ** Esta obra contiene algunas escenas oscuras e inquietantes de abuso y castigo;Dark;Romance;Sky, Penelope;277;4.08;4;really liked it;Jul 22, 2022;Jun 14, 2022
Inmune a ti;Ninguna chica podía resistírsele... hasta que la conoció.Allie está en modo CRISIS. No sabe qué hacer con su vida, acaba de dejar a su novio y, en un momento de locura, se enrolla con Dean de Laurentis, el tío más guapo y más ligón del campus.Hay que reconocer que no estuvo nada, nada mal. Pero lo último que necesita es liarse con un rompecorazones. Por mucho que Dean no esté dispuesto a quedar como «solo amigos». Por mucho que, cuando la vida da un giro de 180 grados, él sea el tío capaz de permanecer a su lado...;Romance;New Adult;Kennedy, Elle;304;4.20;3;liked it;Jul 17, 2022;Jul 17, 2022
Objetivo: tú y yo;Si quiere recuperar a su chica, va a tener que seducirla...Logan conoce a Grace por casualidad. Metido a fondo en su papel de playboy, iba buscando a otra persona, pero acabó llamando a la puerta Grace y se encontró con una chica tierna, divertida... y para nada lo que Logan anda buscando.Así que Logan rechaza a Grace. Error. ¡ERROR!Ahora ella no quiere saber nada de él, pero Logan está dispuesto a lo que sea, LO QUE SEA, con tal de tener una segunda oportunidad.;Romance;New Adult;Kennedy, Elle;356;4.04;3;liked it;Jul 15, 2022;Jul 15, 2022
Prohibido enamorarse;Hannah va a hacer un trato con un chico malo... y va a ganar más de lo que espera. Hannah por fin ha encontrado un chico que la vuelve loca, pero hay un pequeño problema: no tiene ni idea de cómo seducirle. La solución es Garrett, el deportista y playboy más deseado del campus: él necesita aprobar un examen a toda costa, y a cambio puede ayudarla a poner celoso a cualquiera... Incluso a sí mismo. Cuando un beso inocente les lleva a una noche increíble, Garrett ve la luz: Hannah no puede irse con otro. Tiene que convencerla de que se quede a su lado. Chicos que saben lo que hacen. Chicas que saben lo que quieren. Risas, amor, y mucho, mucha tensión sexual.;Romance;New Adult;Kennedy, Elle;352;4.26;3;liked it;Jul 13, 2022;Jul 13, 2022
Punk 57;"""We were perfect together. Until we met."" MishaI can’t help but smile at the words in her letter. She misses me.In fifth grade, my teacher set us up with pen pals from a different school. Thinking I was a girl, with a name like Misha, the other teacher paired me up with her student, Ryen. My teacher, believing Ryen was a boy like me, agreed.It didn’t take long for us to figure out the mistake. And in no time at all, we were arguing about everything. The best take-out pizza. Android vs. iPhone. Whether or not Eminem is the greatest rapper ever…And that was the start. For the next seven years, it was us.Her letters are always on black paper with silver writing. Sometimes there’s one a week or three in a day, but I need them. She’s the only one who keeps me on track, talks me down, and accepts everything I am. We only had three rules. No social media, no phone numbers, no pictures. We had a good thing going. Why ruin it? Until I run across a photo of a girl online. Name’s Ryen, loves Gallo’s pizza, and worships her iPhone. What are the chances?F*ck it. I need to meet her.I just don’t expect to hate what I find.RyenHe hasn’t written in three months. Something’s wrong. Did he die? Get arrested? Knowing Misha, neither would be a stretch.Without him around, I’m going crazy. I need to know someone is listening. It’s my own fault. I should've gotten his number or picture or something. He could be gone forever.Or right under my nose, and I wouldn’t even know it.";Romance;Contemporary;Douglas, Penelope;343;3.82;5;it was amazing;Jul 11, 2022;May 03, 2022
People We Meet on Vacation;"Two best friends. Ten summer trips. One last chance to fall in love.Poppy and Alex. Alex and Poppy. They have nothing in common. She’s a wild child; he wears khakis. She has insatiable wanderlust; he prefers to stay home with a book. And somehow, ever since a fateful car share home from college many years ago, they are the very best of friends. For most of the year they live far apart—she’s in New York City, and he’s in their small hometown—but every summer, for a decade, they have taken one glorious week of vacation together. Until two years ago, when they ruined everything. They haven’t spoken since. Poppy has everything she should want, but she’s stuck in a rut. When someone asks when she was last truly happy, she knows, without a doubt, it was on that ill-fated, final trip with Alex. And so, she decides to convince her best friend to take one more vacation together—lay everything on the table, make it all right. Miraculously, he agrees. Now she has a week to fix everything. If only she can get around the one big truth that has always stood quietly in the middle of their seemingly perfect relationship. What could possibly go wrong?From the New York Times bestselling author of Beach Read, a sparkling new novel that will leave you with the warm, hazy afterglow usually reserved for the best vacations.";Romance;Fiction;Henry, Emily;364;3.93;2;it was ok;Jul 09, 2022;Dec 15, 2021
Kingdom of Ash;Aelin Galathynius has vowed to save her people ? but at a tremendous cost. Locked within an iron coffin by the Queen of the Fae, Aelin must draw upon her fiery will as she endures months of torture. The knowledge that yielding to Maeve will doom those she loves keeps her from breaking, but her resolve is unraveling with each passing day…With Aelin captured, friends and allies are scattered to different fates. Some bonds will grow even deeper, while others will be severed forever. As destinies weave together at last, all must fight if Erilea is to have any hope of salvation.Years in the making, Sarah J. Maas's New York Times bestselling Throne of Glass series draws to an explosive conclusion as Aelin fights to save herself?and the promise of a better world.;Fantasy;Young Adult;Maas, Sarah J.;980;4.63;5;it was amazing;Jul 04, 2022;May 12, 2022
The Unhoneymooners;Olive is always unlucky: in her career, in love, in…well, everything. Her identical twin sister Ami, on the other hand, is probably the luckiest person in the world. Her meet-cute with her fiancé is something out of a romantic comedy (gag) and she’s managed to finance her entire wedding by winning a series of Internet contests (double gag). Worst of all, she’s forcing Olive to spend the day with her sworn enemy, Ethan, who just happens to be the best man.Olive braces herself to get through 24 hours of wedding hell before she can return to her comfortable, unlucky life. But when the entire wedding party gets food poisoning from eating bad shellfish, the only people who aren’t affected are Olive and Ethan. And now there’s an all-expenses-paid honeymoon in Hawaii up for grabs.Putting their mutual hatred aside for the sake of a free vacation, Olive and Ethan head for paradise, determined to avoid each other at all costs. But when Olive runs into her future boss, the little white lie she tells him is suddenly at risk to become a whole lot bigger. She and Ethan now have to pretend to be loving newlyweds, and her luck seems worse than ever. But the weird thing is that she doesn’t mind playing pretend. In fact, she feels kind of... lucky.Alternate cover edition of ISBN 9781501128035.;Romance;Contemporary;Lauren, Christina;400;3.96;3;liked it;Jul 02, 2022;Jul 02, 2022
Alguien que no soy;Alba es periodista de vocación, es soltera y sobrevive en Lavapiés. Alba pierde su empleo, pero Gabi le consigue una entrevista. Alba ahora es secretaria y se siente frustrada. En su primer día de trabajo cruza la mirada con un hombre en el metro. Ese hombre es Hugo. Sexy, provocador y horriblemente deseable. También conocerá a Nicolás, enigmático e inquietantemente atractivo. Y...todo se complica cuando Hugo y Nico le proponen un juego... Después del éxito de las sagas Valeria y Silvia, con más de 100.000 ejemplares vendidos, Elísabet Benavent regresa con más fuerza que nunca para ofrecerte un triángulo amoroso eléctrico, una trilogía que te hará temblar y que te agitará hasta la locura. Tú eliges. ¿Quieres jugar? Divertida, desenfadada, abierta, sexual, arriesgada, enérgica, Alguien que no soy, la primera entrega de Mi elección, es puro fuego y placer para los sentidos.;Romance;Erotic Romance;Benavent, Elísabet;424;3.88;2;it was ok;Jun 17, 2022;Jun 14, 2022
The Kiss Quotient;A heartwarming and refreshing debut novel that proves one thing: there's not enough data in the world to predict what will make your heart tick.Stella Lane thinks math is the only thing that unites the universe. She comes up with algorithms to predict customer purchases—a job that has given her more money than she knows what to do with, and way less experience in the dating department than the average thirty-year-old.It doesn't help that Stella has Asperger's and French kissing reminds her of a shark getting its teeth cleaned by pilot fish. Her conclusion: she needs lots of practice—with a professional. Which is why she hires escort Michael Phan. The Vietnamese and Swedish stunner can't afford to turn down Stella's offer, and agrees to help her check off all the boxes on her lesson plan—from foreplay to more-than-missionary position...Before long, Stella not only learns to appreciate his kisses, but to crave all the other things he's making her feel. Soon, their no-nonsense partnership starts making a strange kind of sense. And the pattern that emerges will convince Stella that love is the best kind of logic...;Romance;Contemporary;Hoang, Helen;323;3.93;5;it was amazing;Jun 15, 2022;Jun 14, 2022
From Lukov with Love;If someone were to ask Jasmine Santos to describe the last few years of her life with a single word, it would definitely be a four-letter one.After seventeen years—and countless broken bones and broken promises—she knows her window to compete in figure skating is coming to a close.But when the offer of a lifetime comes in from an arrogant idiot she’s spent the last decade dreaming about pushing in the way of a moving bus, Jasmine might have to reconsider everything.Including Ivan Lukov.;Romance;Contemporary;Zapata, Mariana;493;4.31;4;really liked it;Jun 14, 2022;Feb 28, 2022
A ?Court of Silver Flames;Nesta Archeron has always been prickly-proud, swift to anger, and slow to forgive. And ever since being forced into the Cauldron and becoming High Fae against her will, she's struggled to find a place for herself within the strange, deadly world she inhabits. Worse, she can't seem to move past the horrors of the war with Hybern and all she lost in it.The one person who ignites her temper more than any other is Cassian, the battle-scarred warrior whose position in Rhysand and Feyre's Night Court keeps him constantly in Nesta's orbit. But her temper isn't the only thing Cassian ignites. The fire between them is undeniable, and only burns hotter as they are forced into close quarters with each other.Meanwhile, the treacherous human queens who returned to the Continent during the last war have forged a dangerous new alliance, threatening the fragile peace that has settled over the realms. And the key to halting them might very well rely on Cassian and Nesta facing their haunting pasts.Against the sweeping backdrop of a world seared by war and plagued with uncertainty, Nesta and Cassian battle monsters from within and without as they search for acceptance-and healing-in each other's arms.;Fantasy;Romance;Maas, Sarah J.;757;4.43;4;really liked it;Jun 12, 2022;Mar 20, 2022
Beach Read;A romance writer who no longer believes in love and a literary writer stuck in a rut engage in a summer-long challenge that may just upend everything they believe about happily ever afters.Augustus Everett is an acclaimed author of literary fiction. January Andrews writes bestselling romance. When she pens a happily ever after, he kills off his entire cast.They’re polar opposites.In fact, the only thing they have in common is that for the next three months, they're living in neighboring beach houses, broke, and bogged down with writer's block.Until, one hazy evening, one thing leads to another and they strike a deal designed to force them out of their creative ruts: Augustus will spend the summer writing something happy, and January will pen the next Great American Novel. She’ll take him on field trips worthy of any rom-com montage, and he’ll take her to interview surviving members of a backwoods death cult (obviously). Everyone will finish a book and no one will fall in love. Really.;Romance;Contemporary;Henry, Emily;361;4.04;3;liked it;Jun 10, 2022;Feb 28, 2022
Las bestias olvidadas de Eld;Ganadora del primer premio World Fantasy en 1975, y finalista del premio Locus y Mythopoeic Sybel es una poderosa hechicera que vive aislada en la montaña de Eld. Su única compañía son las sabias y mágicas bestias que han estado bajo su cuidado desde que su padre falleció.Los asuntos y vidas humanas, sus guerras, pasiones y sueños le son ajenos hasta que un día un desconocido con un bebé en brazos irrumpe en su hogar enredándola en los complejos hilos que tejen los hombres. Perdida su serenidad, se verá forzada a abandonar su refugio y enfrentarse a sus demonios interiores, en una lucha por mantenerse libre y fiel a sí misma que transformará para siempre el reino de Eldwold.;Fantasy;Fiction;McKillip, Patricia A.;276;4.08;4;really liked it;Jun 09, 2022;Jun 07, 2022
Sucedió un verano;Piper Bellinger es una influencer del mundo de la moda y su reputación de alocada hace que la persigan los paparazzi. Tras acabar en el calabozo por organizar una fiesta ilegal con demasiado champán en la azotea de un hotel, su padrastro decide que esa es la gota que colma el vaso. De modo que la deja sin dinero y para que aprenda lo que es la responsabilidad, la envía… al estado de Washington, donde acabará regentando el bar de su difunto padre junto con su hermana.Piper no lleva ni cinco minutos en Westport cuando conoce a Brendan, un corpulento y barbudo capitán de barco, que cree que no durará ni una semana lejos de Beverly Hills. ¿Qué pasa si es una negada con las matemáticas y si la idea de dormir en un piso cochambroso con literas le da escalofríos? Tan malo no puede ser, ¿verdad? Está decidida a demostrarle a su padrastro, y también a ese capitán de barco tan guapo y gruñón, que es más que una cara bonita.El problema es que está en un pueblo pequeño y se cruza con Brendan cada dos por tres. La extrovertida reina de las fiestas y el pescador gruñón son polos opuestos, pero la química que surge entre ellos es innegable. Piper no quiere distracciones, ni mucho menos sentir algo por un hombre que se pasa semanas faenando en el mar. Sin embargo, a medida que reconecta con su pasado y empieza a sentirse como en casa en Westport, empieza a plantearse si la fría y glamurosa vida que ha llevado hasta el momento es la que desea de verdad. Aunque siente la llamada de Los Ángeles, tal vez Brendan y ese pueblo lleno de recuerdos hayan conquistado su corazón.;Romance;Contemporary;Bailey, Tessa;384;4.04;3;liked it;Jun 06, 2022;Jun 05, 2022
A Court of Frost and Starlight;Hope warms the coldest night.;Fantasy;Romance;Maas, Sarah J.;229;3.81;4;really liked it;Jun 02, 2022;May 03, 2022
To Love Jason Thorn;Jason Thorn… My brother’s childhood friend.  Oh, how stupidly in love with that boy I was. He was the first boy that made me blush, my first official crush. Sounds beautiful so far, right? That excitement that bubbles up inside you, those famous butterflies you feel for the very first time—he was the reason for them all. But, you only get to live in that fairytale world until they crush your hopes and dreams and then stomp on your heart for good measure. And boy did he crush my little heart into pieces.  After the stomping part he became the boy I did my best to stay away from—and let me tell you, it was pretty hard to do when he slept in the room right across from mine. When tragedy struck his family and they moved away, I was ready to forget he ever existed.  Now he is a movie star, the one who makes women of all ages go into a screaming frenzy, the one who makes everyone swoon with that dimpled smile of his. Do you think that’s dreamy? I certainly don’t think so. How about me coming face to face with him? Nope still not dreamy. Not when I can’t even manage to look him in the eye.  Me? I’m Olive, a new writer. Actually, I’m THE writer of the book that inspired the movie he is about to star in on the big screen. As of late, I am also referred to as the oh-so-very-lucky girl who is about to become the wife of Jason Thorn. Maybe you’re thinking yet again that this is all so dreamy? Nope, nothing dreamy going on here. Not even close.  To Love Jason Thorn is a full-length standalone, which also contains some pretty hot and descriptive sex scenes. *winks*;Romance;Contemporary;Maise, Ella;428;3.83;2;it was ok;May 30, 2022;May 28, 2022
The Spanish Love Deception;"Catalina Martín desperately needs a date to her sister’s wedding. Especially since her little white lie about her American boyfriend has spiralled out of control. Now everyone she knows—including her ex and his fiancée—will be there and eager to meet him.She only has four weeks to find someone willing to cross the Atlantic and aid in her deception. New York to Spain is no short flight and her raucous family won’t be easy to fool.Enter Aaron Blackford—her tall, handsome, condescending colleague—who surprisingly offers to step in. She’d rather refuse; never has there been a more aggravating, blood-boiling, and insufferable man.But Catalina is desperate, and as the wedding draws nearer, Aaron looks like her best option. And she begins to realize he might not be as terrible in the real world as he is at the office.";Romance;Contemporary;Armas, Elena;487;3.91;4;really liked it;May 29, 2022;Nov 10, 2021
Tower of Dawn;Chaol Westfall and Nesryn Faliq have arrived in the shining city of Antica to forge an alliance with the Khagan of the Southern Continent, whose vast armies are Erilea's last hope. But they have also come to Antica for another purpose: to seek healing at the famed Torre Cesme for the wounds Chaol received in Rifthold.After enduring unspeakable horrors as a child, Yrene Towers has no desire to help the young lord from Adarlan, let alone heal him. Yet she has sworn an oath to assist those in need—and will honor it. But Lord Westfall carries shadows from his own past, and Yrene soon comes to realize they could engulf them both.In this sweeping parallel novel to the New York Times bestselling Empire of Storms, Chaol, Nesryn, and Yrene will have to draw on every scrap of their resilience if they wish to save their friends. But while they become entangled in the political webs of the khaganate, deep in the shadows of mighty mountains where warriors soar on legendary ruks, long-awaited answers slumber. Answers that might offer their world a chance at survival—or doom them all . . .;Fantasy;Young Adult;Maas, Sarah J.;660;4.27;4;really liked it;May 25, 2022;May 12, 2022
Empire of Storms;This is a previously published edition of ISBN 9781619636071. An alternative cover edition for this ISBN can be found here.Kingdoms will collide.The long path to the throne has only just begun for Aelin Galathynius as war looms on the horizon. Loyalties have been broken and bought, friends have been lost and gained, and those who possess magic find themselves at odds with those who don't.With her heart sworn to the warrior-prince by her side, and her fealty pledged to the people she is determined to save, Aelin will delve into the depths of her power to protect those she loves. But as monsters emerge from the horrors of the past, and dark forces become poised to claim her world, the only chance for salvation will lie in a desperate quest that may mark the end of everything Aelin holds dear.In this breathtaking fifth installment of the New York Times bestselling Throne of Glass series, Aelin will have to choose what—and who—to sacrifice if she's to keep the world of Erilea from breaking apart.;Fantasy;Young Adult;Maas, Sarah J.;689;4.57;5;it was amazing;May 21, 2022;May 12, 2022
Queen of Shadows;Everyone Celaena Sardothien loves has been taken from her. But she’s at last returned to the empire—for vengeance, to rescue her once-glorious kingdom, and to confront the shadows of her past…She has embraced her identity as Aelin Galathynius, Queen of Terrasen. But before she can reclaim her throne, she must fight.She will fight for her cousin, a warrior prepared to die for her. She will fight for her friend, a young man trapped in an unspeakable prison. And she will fight for her people, enslaved to a brutal king and awaiting their lost queen’s triumphant return.The fourth volume in the New York Times bestselling series continues Celaena’s epic journey and builds to a passionate, agonizing crescendo that might just shatter her world.;Fantasy;Young Adult;Maas, Sarah J.;648;4.56;5;it was amazing;May 18, 2022;May 12, 2022
Heir of Fire;Celaena has survived deadly contests and shattering heartbreak-but at an unspeakable cost. Now, she must travel to a new land to confront her darkest truth . . . a truth about her heritage that could change her life-and her future-forever. Meanwhile, brutal and monstrous forces are gathering on the horizon, intent on enslaving her world. Will Celaena find the strength to not only fight her inner demons, but to take on the evil that is about to be unleashed?;Fantasy;Young Adult;Maas, Sarah J.;565;4.46;5;it was amazing;May 16, 2022;May 12, 2022
Crown of Midnight;"""A line that should never be crossed is about to be breached.It puts this entire castle in jeopardy—and the life of your friend.""From the throne of glass rules a king with a fist of iron and a soul as black as pitch. Assassin Celaena Sardothien won a brutal contest to become his Champion. Yet Celaena is far from loyal to the crown. She hides her secret vigilantly; she knows that the man she serves is bent on evil.Keeping up the deadly charade becomes increasingly difficult when Celaena realizes she is not the only one seeking justice. As she tries to untangle the mysteries buried deep within the glass castle, her closest relationships suffer. It seems no one is above questioning her allegiances—not the Crown Prince Dorian; not Chaol, the Captain of the Guard; not even her best friend, Nehemia, a foreign princess with a rebel heart.Then one terrible night, the secrets they have all been keeping lead to an unspeakable tragedy. As Celaena's world shatters, she will be forced to give up the very thing most precious to her and decide once and for all where her true loyalties lie... and whom she is ultimately willing to fight for.";Fantasy;Young Adult;Maas, Sarah J.;420;4.36;5;it was amazing;May 14, 2022;May 12, 2022
La espada de la asesina;La esperadísima precuela de Trono de Cristal nos presenta cinco nuevas historias en las que se nos desvelan secretos del pasado de la asesina Celaena Sardothien.Celaena Sardothien es la asesina más temida de Adarlan. Como parte del Gremio de Asesinos, ha jurado proteger a su maestro, Arobynn Hamel, pero Celaena no escucha a nadie y solo confía en su amigo Sam.En esta precuela cargada de acción, Celaena se embarca en cinco arriesgadas misiones que la llevan a visitar islas remotas y hostiles desiertos, allí liberará a gente de la esclavitud y castigará la tiranía. Pero al actuar por cuenta propia, ¿conseguirá librarse del yugo de su maestro o sufrirá un inimaginable castigo por su traición?;Fantasy;Young Adult;Maas, Sarah J.;512;4.32;5;it was amazing;May 12, 2022;May 06, 2022
Trono de cristal;Tras un año de trabajos forzados en las minas de sal, la joven asesina Celaena Sardothien ha sido convocada por el príncipe del Reino de Endovier. Celaena no ha acudido con la intención de acabar con la vida del príncipe, sino con el deseo de conquistar su libertad. Si vence a veintitrés asesinos, ladrones y guerreros en una competición a vida o muerte, será liberada de prisión para ejercer como campeona real.El príncipe la aconsejará. El capitán de la guardia la protegerá. Pero algo maligno se esconde en el palacio de cristal, y está allí para matar. Mientras sus competidores van muriendo uno a uno, la lucha de Celaena por conquistar su libertad se convierte en una lucha por sobrevivir y en una incesante búsqueda del origen del mal antes de que destruya el mundo.;Fantasy;Young Adult;Maas, Sarah J.;512;4.19;5;it was amazing;May 04, 2022;May 03, 2022
The Love Hypothesis;As a third-year Ph.D. candidate, Olive Smith doesn't believe in lasting romantic relationships--but her best friend does, and that's what got her into this situation. Convincing Anh that Olive is dating and well on her way to a happily ever after was always going to take more than hand-wavy Jedi mind tricks: Scientists require proof. So, like any self-respecting biologist, Olive panics and kisses the first man she sees.That man is none other than Adam Carlsen, a young hotshot professor--and well-known ass. Which is why Olive is positively floored when Stanford's reigning lab tyrant agrees to keep her charade a secret and be her fake boyfriend. But when a big science conference goes haywire, putting Olive's career on the Bunsen burner, Adam surprises her again with his unyielding support and even more unyielding... six-pack abs.Suddenly their little experiment feels dangerously close to combustion. And Olive discovers that the only thing more complicated than a hypothesis on love is putting her own heart under the microscope.;Romance;Contemporary;Hazelwood, Ali;356;4.23;4;really liked it;Apr 21, 2022;Apr 03, 2022
Crooked Kingdom;Welcome to the world of the Grisha.Kaz Brekker and his crew of deadly outcasts have just pulled off a heist so daring even they didn't think they'd survive. But instead of divvying up a fat reward, they're right back to fighting for their lives.Double-crossed and badly weakened, the crew is low on resources, allies, and hope. As powerful forces from around the world descend on Ketterdam to root out the secrets of the dangerous drug known as jurda parem, old rivals and new enemies emerge to challenge Kaz's cunning and test the team's fragile loyalties.A war will be waged on the city's dark and twisting streets - a battle for revenge and redemption that will decide the fate of the Grisha world.;Fantasy;Young Adult;Bardugo, Leigh;561;4.61;5;it was amazing;Apr 19, 2022;Apr 09, 2022
Six of Crows;Ketterdam: a bustling hub of international trade where anything can be had for the right price—and no one knows that better than criminal prodigy Kaz Brekker. Kaz is offered a chance at a deadly heist that could make him rich beyond his wildest dreams. But he can’t pull it off alone. . . .A convict with a thirst for revengeA sharpshooter who can’t walk away from a wagerA runaway with a privileged pastA spy known as the WraithA Heartrender using her magic to survive the slumsA thief with a gift for unlikely escapesKaz’s crew is the only thing that might stand between the world and destruction—if they don’t kill each other first.;Fantasy;Young Adult;Bardugo, Leigh;465;4.49;5;it was amazing;Apr 09, 2022;Nov 10, 2021
A Kingdom of Flesh and Fire;A Betrayal…Everything Poppy has ever believed in is a lie, including the man she was falling in love with. Thrust among those who see her as a symbol of a monstrous kingdom, she barely knows who she is without the veil of the Maiden. But what she does know is that nothing is as dangerous to her as him. The Dark One. The Prince of Atlantia. He wants her to fight him, and that’s one order she’s more than happy to obey. He may have taken her, but he will never have her.A Choice...Casteel Da’Neer is known by many names and many faces. His lies are as seductive as his touch. His truths as sensual as his bite. Poppy knows better than to trust him. He needs her alive, healthy, and whole to achieve his goals. But he’s the only way for her to get what she wants—to find her brother Ian and see for herself if he has become a soulless Ascended. Working with Casteel instead of against him presents its own risks. He still tempts her with every breath, offering up all she’s ever wanted. Casteel has plans for her. Ones that could expose her to unimaginable pleasure and unfathomable pain. Plans that will force her to look beyond everything she thought she knew about herself—about him. Plans that could bind their lives together in unexpected ways that neither kingdom is prepared for. And she’s far too reckless, too hungry, to resist the temptation.A Secret…But unrest has grown in Atlantia as they await the return of their Prince. Whispers of war have become stronger, and Poppy is at the very heart of it all. The King wants to use her to send a message. The Descenters want her dead. The wolven are growing more unpredictable. And as her abilities to feel pain and emotion begin to grow and strengthen, the Atlantians start to fear her. Dark secrets are at play, ones steeped in the blood-drenched sins of two kingdoms that would do anything to keep the truth hidden. But when the earth begins to shake, and the skies start to bleed, it may already be too late.;Fantasy;Romance;Armentrout, Jennifer L.;637;4.42;5;it was amazing;Apr 06, 2022;Apr 05, 2022
De sangre y cenizas;Una Doncella…;Fantasy;Romance;Armentrout, Jennifer L.;672;4.28;5;it was amazing;Apr 05, 2022;Apr 03, 2022
La ladrona de libros;Érase una vez un mundo donde las noches eran largas y la Muerte contaba su propia historia. Érase una vez una ladrona que robaba libros y regalaba palabras. En el pueblo vivía una niña que quería leer, un hombre que tocaba el acordeón y un joven judío que escribía cuentos hermosos para escapar del horror de la guerra. Al cabo de un tiempo, la niña se convirtió en una ladrona que robaba libros y regalaba palabras. Y con esas palabras se escribió una historia hermosa y cruel.   Una novela tremendamente humana, emocionante e inolvidable, que describe las peripecias de una niña alemana de nueve años desde que es dada en adopción por su madre hasta el final de la II Guerra Mundial. Su nueva familia, gente sencilla y nada afecta al nazismo, le enseña a leer y, a través de los libros, a distraerse durante los bombardeos y combatir la tristeza. Pero es el libro que ella misma está escribiendo el que finalmente le salvará la vida.;Historical Fiction;Fiction;Zusak, Markus;531;4.39;5;it was amazing;Apr 2022;Nov 10, 2021
A Court of Wings and Ruin;FEYRE WILL BRING VENGEANCE.She has left the Night Court - and her High Lord - and is playing a deadly game of deceit. In the Spring Court, Tamlin is making deals with the invading king threatening to bring Prythian to its knees, and Feyre is determined to uncover his plans. But to do so she must weave a web of lies, and one slip may spell doom not only for Feyre, but for her world as well.As mighty armies grapple for power, Feyre must decide who to trust amongst the dazzling and lethal High Lords - and hunt for allies in unexpected places. BUT WHILE WAR RAGES, IT IS HER HEART THAT WILL FACE THE GREATEST BATTLE.THE THRILLING THIRD BOOK IN #1 NEW YORK TIMES BESTSELLING FANTASY SERIES FROM SARAH J. MAAS.;Fantasy;Romance;Maas, Sarah J.;705;4.45;5;it was amazing;Mar 24, 2022;Mar 20, 2022
A Court of Mist and Fury;Feyre survived Amarantha's clutches to return to the Spring Court—but at a steep cost. Though she now has the powers of the High Fae, her heart remains human, and it can't forget the terrible deeds she performed to save Tamlin's people.Nor has Feyre forgotten her bargain with Rhysand, High Lord of the feared Night Court. As Feyre navigates its dark web of politics, passion, and dazzling power, a greater evil looms—and she might be key to stopping it. But only if she can harness her harrowing gifts, heal her fractured soul, and decide how she wishes to shape her future—and the future of a world cleaved in two.With more than a million copies sold of her beloved Throne of Glass series, Sarah J. Maas's masterful storytelling brings this second book in her seductive and action-packed series to new heights.;Fantasy;Romance;Maas, Sarah J.;626;4.63;5;it was amazing;Mar 20, 2022;Mar 17, 2022
A Court of Thorns and Roses;Feyre's survival rests upon her ability to hunt and kill – the forest where she lives is a cold, bleak place in the long winter months. So when she spots a deer in the forest being pursued by a wolf, she cannot resist fighting it for the flesh. But to do so, she must kill the predator and killing something so precious comes at a price ...Dragged to a magical kingdom for the murder of a faerie, Feyre discovers that her captor, his face obscured by a jewelled mask, is hiding far more than his piercing green eyes would suggest. Feyre's presence at the court is closely guarded, and as she begins to learn why, her feelings for him turn from hostility to passion and the faerie lands become an even more dangerous place. Feyre must fight to break an ancient curse, or she will lose him forever.;Fantasy;Romance;Maas, Sarah J.;432;4.20;4;really liked it;Mar 17, 2022;Jul 19, 2021
Un beso en París;La Torre Eiffel, Amélie y un montón de reyes que se llaman Luis. Esto es todo lo que Anna conoce de Francia. Por eso, cuando sus padres le anuncian que pasará un año en un internado de París, la idea no acaba de convencerla.Pero, en la Ciudad del Amor, conoce al chico ideal: Étienne St. Clair. Es listo, encantador y muy guapo. El único problema es que también tiene novia. ¿Conseguirá Anna el ansiado beso de su príncipe azul?El humor y la tensión que se respiran página a página en el debut literario de Stephanie Perkins te atraparán y te llegarán al corazón.;Romance;Young Adult;Perkins, Stephanie;434;3.98;2;it was ok;Mar 13, 2022;Mar 10, 2022
Persona normal;"Una grandiosa e increíble aventura para ser todo... excepto normal. Tenía un par de padres divertidos y jóvenes, llenos de sueños y de planes. Pero a mis doce años, cinco meses, tres días y dos horas y cuarto, aproximadamente, me quedé sin ellosDesde que el tío Paco se hizo cargo de él, Sebastián ha vivido aventuras increíbles: tuvo un encuentro inesperado con un enorme felino, conoció a uno de los últimos vampiros que viven en el DF; frente a su casa vio a un mítico personaje saltar de la góndola en la que viajaba, para rescatar a una joven de una inundación; consiguió un mapa estelar para un pobre extraterrestre perdido en la Tierra, sobrevivió el embate de un enorme monstruo marino, peleó al lado de los sioux para defender su territorio de los colonizadores? ¿Qué pasa con Sebastián? ¿Acaso no es una «persona normal»?";Young Adult;Contemporary;Taibo, Benito;216;4.41;5;it was amazing;Mar 02, 2022;Feb 27, 2022
Anne sin filtros;El sueño de Anne Shirley siempre ha sido ser escritora. Lo que nadie sabe es que, de hecho, ya lo es: online la conocen como Lady Cordelia y sus fanfics sobre El caballero del espejo, una de las series más famosas de los últimos tiempos, son de los más leídos de la red. Sólo Diana, su mejor amiga, artista y colaboradora, conoce su secreto. Y entonces aparece Blythe, un nuevo autor que de la noche a la mañana supera su récord de lecturas y que, para colmo, no tiene ningún reparo en mostrar su identidad. Gilbert, el chico que se esconde tras el nick de Blythe, es tan encantador como irritante, pero Anne no va a dejar que le arrebate su puesto. Sobre todo cuando Blythe le pone un reto delante: si él llega a 500.000 lecturas antes que ella, Lady Cordelia tendrá que revelar quién se esconde en realidad tras su cuenta.;Romance;LGBT;Parente, Iria G.;384;3.83;4;really liked it;Feb 17, 2022;Feb 16, 2022
Proyecto Hail Mary;A lone astronaut.An impossible mission.An ally he never imagined.Ryland Grace is the sole survivor on a desperate, last-chance mission - and if he fails, humanity and the earth itself will perish. Except that right now, he doesn't know that. He can't even remember his own name, let alone the nature of his assignment or how to complete it. All he knows is that he's been asleep for a very, very long time. And he's just been awakened to find himself millions of miles from home, with nothing but two corpses for company. His crewmates dead, his memories fuzzily returning, Ryland realizes that an impossible task now confronts him. Hurtling through space on this tiny ship, it's up to him to puzzle out an impossible scientific mystery-and conquer an extinction-level threat to our species.And with the clock ticking down and the nearest human being light-years away, he's got to do it all alone.Or does he?Project Hail Mary is a tale of discovery, speculation, and survival to rival The Martian -- while taking us to places it never dreamed of going.;Science Fiction;Fiction;Weir, Andy;543;4.52;5;it was amazing;Feb 10, 2022;Feb 10, 2022
Un cuento perfecto;¿Qué sucede cuando descubres que el final de tu cuento no es como soñabas?Érase una vez una mujer que lo tenía todo y un chico que no tenía nada.Érase una vez una historia de amor entre el éxito y la duda.Érase una vez un cuento perfecto.;Romance;Spanish Literature;Benavent, Elísabet;640;4.19;4;really liked it;Feb 2022;Feb 01, 2022
It Ends with Us;Sometimes it is the one who loves you who hurts you the most.Lily hasn’t always had it easy, but that’s never stopped her from working hard for the life she wants. She’s come a long way from the small town in Maine where she grew up — she graduated from college, moved to Boston, and started her own business. So when she feels a spark with a gorgeous neurosurgeon named Ryle Kincaid, everything in Lily’s life suddenly seems almost too good to be true.Ryle is assertive, stubborn, maybe even a little arrogant. He’s also sensitive, brilliant, and has a total soft spot for Lily. And the way he looks in scrubs certainly doesn’t hurt. Lily can’t get him out of her head. But Ryle’s complete aversion to relationships is disturbing. Even as Lily finds herself becoming the exception to his “no dating” rule, she can’t help but wonder what made him that way in the first place.As questions about her new relationship overwhelm her, so do thoughts of Atlas Corrigan — her first love and a link to the past she left behind. He was her kindred spirit, her protector. When Atlas suddenly reappears, everything Lily has built with Ryle is threatened.;Romance;Fiction;Hoover, Colleen;386;4.30;5;it was amazing;Jan 28, 2022;Jul 19, 2021
El chico de la última fila;¿Quién es Dylan Carbonell? ¿Ese chico indescifrable, de sonrisas invisibles y miradas impactantes, que copa las revistas y los medios de comunicación? ¿Un genio de la música? ¿La nueva promesa del rock and roll español?«Subí las escaleras que daban acceso al escenario y me di de bruces con los miles de rostros que me esperaban, impacientes por escuchar el concierto de su vida. Todos ellos me deseaban de alguna manera. Mi cuerpo. Mi mente. Mis manos en los trastes de la guitarra. Todos, menos uno: Hugo Cabana, que me observaba desde abajo con pereza. Cuyas primeras palabras hacia mí no fueron felicitaciones por el espectáculo que acababa de ofrecer ni alabanzas sobre mi físico. Me resultó increíble, porque yo soy Dylan Carbonell, un guaperas. Impactamos. Hugo y yo impactamos. Y fue el fin del silencio». Un concierto de rock and roll.Dos chicos. Uno, el cantante. Otro, el que acude para acompañar a sus amigos.Y el Mediterráneo esperando. El sol. Una pendiente muy inclinada y dos bicicletas. Una piscina y cabellos mojados sobre la frente. Miradas que se sostienen. Una tabla de surf y…¿Quién es el chico de la última fila?PORQUE NO EXISTE DISTANCIA SI TÚ ERES EL CAMINO.;Romance;LGBT;Herrero, Susanna;440;4.47;4;really liked it;Jan 25, 2022;Sep 22, 2021
Kings Rising;Damianos of Akielos has returned.His identity now revealed, Damen must face his master Prince Laurent as Damianos of Akielos, the man Laurent has sworn to kill.On the brink of a momentous battle, the future of both their countries hangs in the balance. In the south, Kastor's forces are massing. In the north, the Regent's armies are mobilising for war. Damen's only hope of reclaiming his throne is to fight together with Laurent against their usurpers.Forced into an uneasy alliance the two princes journey deep into Akielos, where they face their most dangerous opposition yet. But even if the fragile trust they have built survives the revelation of Damen's identity – can it stand against the Regent's final, deadly play for the throne?;Fantasy;LGBT;Pacat, C.S.;385;4.43;5;it was amazing;Jan 23, 2022;Jan 21, 2022
Captive Prince: Volume Two;With their countries on the brink of war, Damen and his new master, Prince Laurent, must exchange the intrigues of the palace for the sweeping might of the battlefield as they travel to the border to avert a lethal plot.Forced to hide his identity, Damen finds himself increasingly drawn to the dangerous, charismatic Laurent. But as the fledgling trust between the two men deepens, the truth of secrets from both their pasts is poised to deal them the crowning death blow . . .;Fantasy;Romance;Pacat, C.S.;216;4.38;5;it was amazing;Jan 22, 2022;Jan 21, 2022
Captive Prince;From global phenomenon C. S. Pacat comes the first in her critically acclaimed trilogy—with a bonus story.Damen is a warrior hero to his people, and the rightful heir to the throne of Akielos. But when his half brother seizes power, Damen is captured, stripped of his identity, and sent to serve the prince of an enemy nation as a pleasure slave.Beautiful, manipulative, and deadly, his new master, Prince Laurent, epitomizes the worst of the court at Vere. But in the lethal political web of the Veretian court, nothing is as it seems, and when Damen finds himself caught up in a play for the throne, he must work together with Laurent to survive and save his country.For Damen, there is just one rule: never, ever reveal his true identity. Because the one man Damen needs is the one man who has more reason to hate him than anyone else…Includes an exclusive extra story!;Fantasy;Romance;Pacat, C.S.;240;3.81;4;really liked it;Jan 21, 2022;Nov 10, 2021
Una maldición oscura y solitaria;Deben enamorarse para romper la maldición. Condenado por la maldición de una poderosa hechicera a repetir el otoño de sus dieciocho años, el príncipe Rhen, heredero del trono de Emberfall, pensó que sería fácil salvarse si todo lo que hacía falta era que una chica se enamorara de él. Pero eso fue antes de que se transformara en una bestia despiadada sedienta de destrucción. Antes de que arrasara con el castillo, destrozara a su familia y acabara con toda la esperanza. Para Harper, Nunca nada ha sido fácil. Abandonada por su padre, con su madre agonizante y un hermano que la subestima constantemente debido a su parálisis cerebral, Harper tuvo que aprender a ser fuerte para sobrevivir. Cuando intenta salvar a una extraña en las calles de Washington DC, termina siendo arrastrada a un mundo mágico. Deben romper la maldición para salvar al reino. Harper no sabe dónde está ni qué creer. ¿Un príncipe? ¿Una maldición? ¿Un monstruo? Al pasar tiempo con Rhen en esta tierra encantada, comienza a comprender qué es lo que está en juego. Y cuando Rhen se da cuenta de que Harper no es solo otra chica que conquistar, la esperanza vuelve a inundarlo. Pero fuerzas poderosas se ciernen sobre Emberfall… y hará falta más que una maldición rota para salvar a Harper, Rhen y su pueblo de la completa ruina.;Fantasy;Young Adult;Kemmerer, Brigid;348;4.01;3;liked it;Jan 18, 2022;Jan 17, 2022
Never Never;Charlie Wynwood and Silas Nash have been best friends since they could walk. They've been in love since the age of fourteen. But as of this morning... they are complete strangers. Their first kiss, their first fight, the moment they fell in love... every memory has vanished.Charlie and Silas must work together to uncover the truth about what happened to them and why. But the more they learn about the couple they used to be, the more they question why they were ever together to begin with.#1 New York Times bestselling author of Hopeless joins forces with the New York Times bestselling author of Mud Vein. Together, they have created a gripping, romantic tale unlike any other.;Romance;Young Adult;Hoover, Colleen;158;4;4;really liked it;Jan 15, 2022;Aug 14, 2021
A Thousand Boy Kisses;One kiss lasts a moment. But a thousand kisses can last a lifetime. One boy. One girl. A bond that is forged in an instant and cherished for a decade. A bond that neither time nor distance can break. A bond that will last forever. Or so they believe. When seventeen-year-old Rune Kristiansen returns from his native Norway to the sleepy town of Blossom Grove, Georgia, where he befriended Poppy Litchfield as a child, he has just one thing on his mind. Why did the girl who was one half of his soul, who promised to wait faithfully for his return, cut him off without a word of explanation? Rune's heart was broken two years ago when Poppy fell silent. When he discovers the truth, he finds that the greatest heartache is yet to come. A stand-alone young adult tearjerker romance, recommended for ages fourteen and up.;Romance;Young Adult;Cole, Tillie;316;4.16;5;it was amazing;Dec 17, 2021;Dec 15, 2021
Los hijos del rey;La esperada secuela del best seller del New York Times: Asesino de burjas. La bruja blanca.Los riesgos son mayores. Las brujas son más letales. Y el romance es aún más intenso. La muy esperada continuación del éxito de ventas del New York Times e Indiebound, Asesino de brujas: La bruja blanca, es perfecta para los fans de Sarah J. Maas.Adonde ella vaya, él irá.Donde ella se quede, él se quedará.Hasta que la muerte los separe.Lou, Reid, Coco y Ansel huyen no solo del aquelarre, sino también del reino y de la Iglesia. Son fugitivos y no tienen donde ocultarse.Para sobrevivir, necesitan aliados. Y unos muy poderosos. Pero mientras Lou se preocupa cada vez más por salvar a sus seres queridos, se adentra en el lado oscuro de la magia. Y el precio a pagar podría ser la persona a la que más teme perder: Reid.Ellos están unidos por un juramento y solo existe una cosa que puede separarlos: la muerte.Shelby Mahurin nos vuelve a atrapar con una historia cargada de acción, romance, lealtades y traiciones. Una vez que empieces a leer, no podrás soltar el libro.;Fantasy;Romance;Mahurin, Shelby;512;3.55;3;liked it;Dec 15, 2021;Nov 21, 2021
Serpent & Dove;Bound as one to love, honor, or burn.Two years ago, Louise le Blanc fled her coven and took shelter in the city of Cesarine, forsaking all magic and living off whatever she could steal. There, witches like Lou are hunted. They are feared. And they are burned.Sworn to the Church as a Chasseur, Reid Diggory has lived his life by one principle: thou shalt not suffer a witch to live. His path was never meant to cross with Lou's, but a wicked stunt forces them into an impossible union—holy matrimony.The war between witches and Church is an ancient one, and Lou's most dangerous enemies bring a fate worse than fire. Unable to ignore her growing feelings, yet powerless to change what she is, a choice must be made.And love makes fools of us all.This is a previously published edition of ISBN 9780062878021. An alternate cover edition can be found here.;Fantasy;Romance;Mahurin, Shelby;513;4.02;5;it was amazing;Nov 21, 2021;Nov 10, 2021
Fangirl;"In Rainbow Rowell's Fangirl, Cath is a Simon Snow fan. Okay, the whole world is a Simon Snow fan, but for Cath, being a fan is her life—and she’s really good at it. She and her twin sister, Wren, ensconced themselves in the Simon Snow series when they were just kids; it’s what got them through their mother leaving.Reading. Rereading. Hanging out in Simon Snow forums, writing Simon Snow fan fiction, dressing up like the characters for every movie premiere.Cath’s sister has mostly grown away from fandom, but Cath can’t let go. She doesn’t want to.Now that they’re going to college, Wren has told Cath she doesn’t want to be roommates. Cath is on her own, completely outside of her comfort zone. She’s got a surly roommate with a charming, always-around boyfriend, a fiction-writing professor who thinks fan fiction is the end of the civilized world, a handsome classmate who only wants to talk about words . . . And she can’t stop worrying about her dad, who’s loving and fragile and has never really been alone.For Cath, the question is: Can she do this? Can she make it without Wren holding her hand? Is she ready to start living her own life? And does she even want to move on if it means leaving Simon Snow behind?";Young Adult;Romance;Rowell, Rainbow;448;3.97;2;it was ok;Oct 18, 2021;Jul 19, 2021
Majesty;"Is America ready for its first queen?Power is intoxicating. Like first love, it can leave you breathless. Princess Beatrice was born with it. Princess Samantha was born with less. Some, like Nina Gonzalez, are pulled into it. And a few will claw their way in. Ahem, we're looking at you Daphne Deighton.As America adjusts to the idea of a queen on the throne, Beatrice grapples with everything she lost when she gained the ultimate crown. Samantha is busy living up to her ""party princess"" persona...and maybe adding a party prince by her side. Nina is trying to avoid the palace--and Prince Jefferson--at all costs. And a dangerous secret threatens to undo all of Daphne's carefully laid ""marry Prince Jefferson"" plans.A new reign has begun....";Romance;Young Adult;McGee, Katharine;374;3.75;4;really liked it;Oct 13, 2021;Oct 10, 2021
We Were Liars;"A beautiful and distinguished family.A private island.A brilliant, damaged girl; a passionate, political boy.A group of four friends—the Liars—whose friendship turns destructive.A revolution. An accident. A secret.Lies upon lies.True love.The truth. We Were Liars is a modern, sophisticated suspense novel from New York Times bestselling author, National Book Award finalist, and Printz Award honoree E. Lockhart. Read it.And if anyone asks you how it ends, just LIE.";Young Adult;Mystery;Lockhart, E.;242;3.71;3;liked it;Oct 10, 2021;Jul 19, 2021
The Hating Game;Debut author Sally Thorne bursts on the scene with a hilarious and sexy workplace comedy all about that thin, fine line between hate and love.Nemesis (n.) 1) An opponent or rival whom a person cannot best or overcome.2) A person’s undoing3) Joshua TemplemanLucy Hutton has always been certain that the nice girl can get the corner office. She’s charming and accommodating and prides herself on being loved by everyone at Bexley & Gamin. Everyone except for coldly efficient, impeccably attired, physically intimidating Joshua Templeman. And the feeling is mutual.Trapped in a shared office together 40 (OK, 50 or 60) hours a week, they’ve become entrenched in an addictive, ridiculous never-ending game of one-upmanship. There’s the Staring Game. The Mirror Game. The HR Game. Lucy can’t let Joshua beat her at anything—especially when a huge new promotion goes up for the taking.If Lucy wins this game, she’ll be Joshua’s boss. If she loses, she’ll resign. So why is she suddenly having steamy dreams about Joshua, and dressing for work like she’s got a hot date? After a perfectly innocent elevator ride ends with an earth shattering kiss, Lucy starts to wonder whether she’s got Joshua Templeman all wrong.Maybe Lucy Hutton doesn’t hate Joshua Templeman. And maybe, he doesn’t hate her either. Or maybe this is just another game. ??;Romance;Contemporary;Thorne, Sally;387;3.95;4;really liked it;Oct 10, 2021;Sep 09, 2021
American Royals;What if America had a royal family? When America won the Revolutionary War, its people offered General George Washington a crown. Two and a half centuries later, the House of Washington still sits on the throne.As Princess Beatrice gets closer to becoming America's first queen regnant, the duty she has embraced her entire life suddenly feels stifling.Nobody cares about the spare except when she's breaking the rules, so Princess Samantha doesn't care much about anything, either . . . except the one boy who is distinctly off-limits to her.And then there's Samantha's twin, Prince Jefferson. If he'd been born a generation earlier, he would have stood first in line for the throne, but the new laws of succession make him third. Most of America adores their devastatingly handsome prince . . . but two very different girls are vying to capture his heart.;Romance;Young Adult;McGee, Katharine;441;3.84;4;really liked it;Oct 10, 2021;Jul 19, 2021
Matar un reino;"«La magnífica construcción del mundo y una acción trepidante mantendrán embelesados a los lectores en esta maquiavélica reinterpretación de La sirenita.» Booklist«Los aficionados a la fantasía amarán esta historia de príncipes piratas y sirenas asesinas.» School Library JournalCon una colección de diecisiete corazones de príncipes en su haber, Lira es una sirena venerada en todos los confines del reino submarino. Pero un desliz provoca que su madre, la Reina del Mar, la transforme en lo que más aborrece: un ser humano. Privada de su canto, Lira dispondrá hasta el solsticio de invierno para entregar el corazón del príncipe Elian a la Reina del Mar o permanecer como humana para siempre.A pesar de ser el heredero del reino más poderoso de la Tierra, para el príncipe Elian el océano es su verdadero hogar; y dar caza a las sirenas, su misión en la vida. Cuando rescata a una mujer a punto de morir ahogada, sabe que es más de lo que aparenta, pero ella promete ayudarlo a encontrar la clave para exterminar a las sirenas para siempre. ¿Podrá Elian confiar en su palabra? ¿Y hasta dónde tendrá que ceder para erradicar al más temible enemigo del hombre?";Fantasy;Young Adult;Christo, Alexandra;404;3.78;3;liked it;Sep 23, 2021;Sep 12, 2021
The Seven Husbands of Evelyn Hugo;Aging and reclusive Hollywood movie icon Evelyn Hugo is finally ready to tell the truth about her glamorous and scandalous life. But when she chooses unknown magazine reporter Monique Grant for the job, no one is more astounded than Monique herself. Why her? Why now?Monique is not exactly on top of the world. Her husband has left her, and her professional life is going nowhere. Regardless of why Evelyn has selected her to write her biography, Monique is determined to use this opportunity to jumpstart her career.Summoned to Evelyn’s luxurious apartment, Monique listens in fascination as the actress tells her story. From making her way to Los Angeles in the 1950s to her decision to leave show business in the ‘80s, and, of course, the seven husbands along the way, Evelyn unspools a tale of ruthless ambition, unexpected friendship, and a great forbidden love. Monique begins to feel a very real connection to the legendary star, but as Evelyn’s story near its conclusion, it becomes clear that her life intersects with Monique’s own in tragic and irreversible ways.;Fiction;Historical Fiction;Reid, Taylor Jenkins;389;4.46;5;it was amazing;Sep 09, 2021;Jul 19, 2021
I'll Give You the Sun;"At first, Jude and her twin brother Noah, are inseparable. Noah draws constantly and is falling in love with the charismatic boy next door, while daredevil Jude wears red-red lipstick, cliff-dives, and does all the talking for both of them. Years later, they are barely speaking. Something has happened to change the twins in different yet equally devastating ways... but then Jude meets an intriguing, irresistible boy and a mysterious new mentor. The early years are Noah's to tell; the later years are Jude's. But they each have only half the story, and if they can only find their way back to one another, they'll have a chance to remake their world. This radiant, award-winning novel from the acclaimed author of The Sky Is Everywhere will leave you breathless and teary and laughing—often all at once.Printz Award Winner Stonewall Honor Book.";Young Adult;Contemporary;Nelson, Jandy;371;4.16;5;it was amazing;Aug 11, 2021;Jul 19, 2021
Rojo, blanco y sangre azul;Alex Clarademont-Díaz, el hijo milenial de la presidenta de los Estados Unidos, es un tesoro para el marketing de la Casa Blanca: atractivo, carismático e inteligente. Lo que nadie sabe es que no soporta al príncipe Henry, el hijo de la reina de Inglaterra. Así que, cuando la prensa sensacionalista se hace con una fotografía que refleja un altercado entre Alex y Henry, las relaciones entre Estados Unidos y el Reino Unido se enfrían. Ambos países trazan un plan para paliar los daños. lo que empieza como una falsa amistad, publicada en Instagram, se va transformando en algo más profundo de lo que Alex y Henry podrían haber imaginado. ¿PUEDE EL AMOR CAMBIAR EL MUNDO?;Romance;LGBT;McQuiston, Casey;496;4.13;5;it was amazing;Aug 07, 2021;Aug 07, 2021
Aristotle and Dante Discover the Secrets of the Universe;Dante can swim. Ari can't. Dante is articulate and self-assured. Ari has a hard time with words and suffers from self-doubt. Dante gets lost in poetry and art. Ari gets lost in thoughts of his older brother who is in prison. Dante is fair skinned. Ari's features are much darker. It seems that a boy like Dante, with his open and unique perspective on life, would be the last person to break down the walls that Ari has built around himself.But against all odds, when Ari and Dante meet, they develop a special bond that will teach them the most important truths of their lives, and help define the people they want to be. But there are big hurdles in their way, and only by believing in each other?and the power of their friendship?can Ari and Dante emerge stronger on the other side.;Young Adult;LGBT;Sáenz, Benjamin Alire;359;4.34;5;it was amazing;Jul 26, 2021;Jul 19, 2021
Siega;Antes, las personas morían por causas naturales. Existían asesinos invisibles llamados enfermedades, el envejecimiento era irreversible y se producían accidentes de los que no se podía regresar.Ahora, todo eso ha quedado atrás y sólo perdura una verdad muy simple: la gente tiene que morir. Y esa es la tarea de los segadores. Porque en un futuro donde la humanidad controla la muerte, ¿quién decide cuándo y cómo sembrarla?Citra y Rowan acaban de ser seleccionados como aprendices de segadores. ¿Su objetivo? Superar las pruebas de su mentor, sean las que sean. Aunque en el proceso renuncien a todo lo que les hace humanos.;Young Adult;Fantasy;Shusterman, Neal;524;4.33;4;really liked it;Jul 24, 2021;Jul 25, 2021
Hush, Hush;A SACRED OATHA FALLEN ANGELA FORBIDDEN LOVERomance was not part of Nora Grey's plan. She's never been particularly attracted to the boys at her school, no matter how hard her best friend, Vee, pushes them at her. Not until Patch comes along. With his easy smile and eyes that seem to see inside her, Patch draws Nora to him against her better judgment.But after a series of terrifying encounters, Nora's not sure whom to trust. Patch seems to be everywhere she is and seems to know more about her than her closest friends. She can't decide whether she should fall into his arms or run and hide. And when she tries to seek some answers, she finds herself near a truth that is way more unsettling than anything Patch makes her feel.For she is right in the middle of an ancient battle between the immortal and those that have fallen - and, when it comes to choosing sides, the wrong choice will cost Nora her life.;Young Adult;Fantasy;Fitzpatrick, Becca;391;3.93;2;it was ok;Jan 2017;Jul 19, 2021
Harry Potter y la piedra filosofal;Harry Potter se ha quedado huérfano y vive en casa de sus abominables tíos y el insoportable primo Dudley. Se siente muy triste y solo, hasta que un buen día recibe una carta que cambiará su vida para siempre. En ella le comunican que ha sido aceptado como alumno en el Colegio Hogwarts de Magia. A partir de ese momento, la suerte de Harry da un vuelco espectacular. En esa escuela tan especial aprenderá encantamientos, trucos fabulosos y tácticas de defensa contra las malas artes. Se convertirá en el campeón escolar de quidditch, una especie de fútbol aéreo que se juega montado sobre escobas, y hará un puñado de buenos amigos... aunque también algunos temibles enemigos. Pero, sobre todo, conocerá los secretos que le permitirán cumplir con su destino. Pues, aunque no lo parezca a primera vista, Harry no es un chico normal y corriente: ¡es un verdadero mago!;Fantasy;Fiction;Rowling, J.K.;254;4.47;5;it was amazing;not set;Jul 19, 2021
Crescendo;Nora Grey's life is still far from perfect. Surviving an attempt on her life wasn't pleasant, but at least she got a guardian angel out of it. A mysterious, magnetic, gorgeous guardian angel. But despite his role in her life, Patch has been acting anything but angelic. He's more elusive than ever (if that's possible) and what's worse, he seems to be spending time with Nora's archenemy, Marcie Millar.Nora would have hardly noticed Scott Parnell, an old family friend who has moved back to town, if Patch hadn't been acting so distant. Even with Scott's totally infuriating attitude, Nora finds herself drawn to him - despite her lingering feelings that he is hiding something.If that weren't enough, Nora is haunted by images of her murdered father, and comes to question whether her Nephilim bloodline has anything to do with his death. Desperate to figure out what happened, she puts herself in increasingly dangerous situations to get the answer. But maybe some things are better left buried, because the truth could destroy everything - and everyone - she trusts.;Young Adult;Fantasy;Fitzpatrick, Becca;427;3.99;2;it was ok;not set;Jul 19, 2021
Silencio;¿Cuál es el límite de los sentimientos?La confusión se ha disipado y ya no hay nada que perturbe la relación entre Patch y Nora. Han superado los secretos que se escondían en el oscuro pasado de Patch..., han atravesado mundos irreconciliables..., se han enfrentado a pruebas sobrecogedoras de traición, lealtad y confianza..., y todo ello por un amor que trasciende los límites entre el cielo y la tierra. Armados con la fe absoluta que tienen el uno en el otro, Patch y Nora se enfrentan ahora a un villano que pretende acabar con cuanto han luchado por conseguir de una vez y para siempre, incluido su amor.;Young Adult;Fantasy;Fitzpatrick, Becca;416;4.08;2;it was ok;not set;Jul 19, 2021
La selección;"Para treinta y cinco chicas, la Selección es una oportunidad que solo se presenta una vez en la vida. La oportunidad de escapar de la vida que les ha tocado por nacer en una determinada familia. La oportunidad de que las trasladen a un mundo de trajes preciosos y joyas que no tienen precio. La oportunidad de vivir en un palacio y de competir por el corazón del guapísimo príncipe Maxon.Sin embargo, para America Singer, ser seleccionada es una pesadilla porque significa alejarse de su amor secreto, Aspen, quien pertenece a una casta inferior a la de ella; y también abandonar su hogar para pelear por una corona que no desea y vivir en un palacio que está bajo la constante amenaza de ataques violentos por parte de los rebeldes. Es entonces cuando America conoce al príncipe Maxon. Poco a poco, se empieza a cuestionar los planes que ella había hecho para su vida y se da cuenta de que la vida con la que siempre soñó puede no poder compararse con el futuro que nunca se atrevió si quiera a imaginar.";Young Adult;Romance;Cass, Kiera;240;4.09;4;really liked it;not set;Jul 19, 2021
Eleanor & Park;“Bono met his wife in high school,” Park says.“So did Jerry Lee Lewis,” Eleanor answers.“I’m not kidding,” he says.“You should be,” she says, “we’re 16.”“What about Romeo and Juliet?”“Shallow, confused, then dead.”“I love you,” Park says.“Wherefore art thou,” Eleanor answers.“I’m not kidding,” he says.“You should be.”Set over one school year in 1986, Eleanor & Park is the story of two star-crossed misfits – smart enough to know first love almost never lasts, but brave and desperate enough to try.;Young Adult;Romance;Rowell, Rainbow;328;3.96;1;did not like it;not set;Jul 19, 2021
Finale;Nora and Patch thought their troubles were behind them. Hank is gone and they should be able to put his ugly vendetta to rest. But in Hank's absence, Nora has become the unwitting head of the Nephilim and must finish what Hank began. Which ultimately means destroying the fallen angels - destroying Patch.Nora will never let that happen, so she and Patch make a plan: lead everyone to believe they have broken up, and work the system from the inside. Nora will convince the Nephilim that they are making a mistake in fighting the fallen angels, and Patch will find out everything he can from the opposing side. They will end this war before it can even begin.But the best-laid plans often go awry. Nora is put through the paces in her new role and finds herself drawn to an addictive power she never anticipated.As the battle lines are drawn, Nora and Patch must confront the differences that have always been between them and either choose to ignore them or let them destroy the love they have always fought for.;Fantasy;Young Adult;Fitzpatrick, Becca;454;4.13;3;liked it;not set;Jul 19, 2021
La élite;De las treinta y cinco chicas llegaron a Palacio para competir en la Selección. Todas menos seis, han sido devueltas a sus hogares. Y solo una conseguirá casarse con el príncipe Maxon y ser coronada princesa de Illea.America todavía no está segura de hacia dónde se inclina su corazón. El tiempo se acaba y tiene que tomar una decisión. Sin embargo, cuando ya cree que ha llegado a la conclusión definitiva, un suceso devastador hace que se lo vuelva a plantear todo de nuevo.Y mientras lucha por averiguar dónde está su futuro, los rebeldes violentos se hacen cada vez más fuertes.;Young Adult;Romance;Cass, Kiera;224;3.96;4;really liked it;not set;Jul 19, 2021
La elegida;La situación en Palacio es cada vez más peligrosa. Los rebeldes atacan tanto por el norte como por el sur y America, las chicas que siguen en la selección y Maxon se encuentran en verdadero peligro.Mientras esta situación se vuelve cada vez más acuciante, la disyuntiva en la que se encuentra America tampoco es mucho mejor: debe escoger entre su primer amor, Aspen, y el príncipe Maxon, quien poco a poco ha ido conquistándola. Eso sin tener en cuenta que el príncipe debe escogerla a ella también de entre las seis seleccionadas que podrían convertirse en su esposa y que aún permanecen en palacio.Luchas políticas, amor, violencia, dudas… America deberá tomar decisiones que cambiarán el curso no solo de su vida, sino de todo aquel que la rodea. La elegida es el trepidante desenlace de la trilogía La selección.;Romance;Young Adult;Cass, Kiera;256;4.17;4;really liked it;not set;Jul 19, 2021
Never Never: Part Two;“Never forget that I was your first real kiss. Never forget that you’ll be my last. And never stop loving me between all of them. Never stop, Charlie. Never forget.”;Romance;Young Adult;Hoover, Colleen;158;4;4;really liked it;not set;Jan 15, 2022
Never Never: Part Three;New York Times bestselling authors Colleen Hoover and Tarryn Fisher are back with the much-anticipated final installment in the Never Never novella series.Together, Silas Nash and Charlize Wynwood must look deeper into the past to find out who they were and who they want to be. With time ticking down, the couple are in a race to find the answers they need before they lose everything.Can they regain what they once had? And will it restore who they once were?;Romance;Young Adult;Hoover, Colleen;130;3.49;2;it was ok;not set;Jan 15, 2022
The Cruel Prince;This is a previously published cover edition of ISBN 9780316310277. An alternative cover edition for this ISBN can be found here.Of course I want to be like them. They’re beautiful as blades forged in some divine fire. They will live forever.And Cardan is even more beautiful than the rest. I hate him more than all the others. I hate him so much that sometimes when I look at him, I can hardly breathe.Jude was seven when her parents were murdered and she and her two sisters were stolen away to live in the treacherous High Court of Faerie. Ten years later, Jude wants nothing more than to belong there, despite her mortality. But many of the fey despise humans. Especially Prince Cardan, the youngest and wickedest son of the High King.To win a place at the Court, she must defy him–and face the consequences.As Jude becomes more deeply embroiled in palace intrigues and deceptions, she discovers her own capacity for trickery and bloodshed. But as betrayal threatens to drown the Courts of Faerie in violence, Jude will need to risk her life in a dangerous alliance to save her sisters, and Faerie itself.;Fantasy;Young Adult;Black, Holly;370;4.08;4;really liked it;not set;Jul 19, 2021
The Wicked King;The enchanting and bloodthirsty sequel to the New York Times bestselling novel The Cruel Prince.You must be strong enough to strike and strike and strike again without tiring.The first lesson is to make yourself strong.After the jaw-dropping revelation that Oak is the heir to Faerie, Jude must keep her brother safe. To do so, she has bound the wicked king, Cardan, to her, and made herself the power behind the throne. Navigating the constantly shifting political alliances of Faerie would be difficult enough if Cardan were easy to control. But he does everything in his power to humiliate and undermine her even as his fascination with her remains undiminished.When it becomes all too clear that someone close to Jude means to betray her, threatening her own life and the lives of everyone she loves, Jude must uncover the traitor and fight her own complicated feelings for Cardan to maintain control as a mortal in a Faerie world.;Fantasy;Young Adult;Black, Holly;336;4.33;5;it was amazing;not set;Jul 19, 2021
The Queen of Nothing;He will be destruction of the crown and the ruination of the throne.;Fantasy;Young Adult;Black, Holly;300;4.37;4;really liked it;not set;Jul 19, 2021
The Invisible Life of Addie LaRue;France, 1714: in a moment of desperation, a young woman makes a Faustian bargain to live forever and is cursed to be forgotten by everyone she meets.Thus begins the extraordinary life of Addie LaRue, and a dazzling adventure that will play out across centuries and continents, across history and art, as a young woman learns how far she will go to leave her mark on the world.But everything changes when, after nearly 300 years, Addie stumbles across a young man in a hidden bookstore and he remembers her name.;Fantasy;Fiction;Schwab, V.E.;444;4.22;5;it was amazing;not set;Jul 19, 2021
Contigo hasta el final;Él cree en el amor a primera vista. A ella le va a costar un poco más...Sabrina tiene un plan infalible para escapar de su pasado: graduarse, romper moldes en la facultad de Derecho y conseguir un trabajo bien pagado en una prestigiosa firma de abogados. Una noche de pasión (sorprendentemente tierna) es todo lo que puede darle a John Tucker, el rompecorazones que cree en el amor a primera vista.Pero, a veces, una noche es suficiente para cambiar tu vida. Cuando Tucker descubre que Sabrina se ha quedado embarazada, sabe que es el momento de demostrar lo que vale. Si quiere una familia con la chica de sus sueños, tendrá que convencerla de que estará a su lado... hasta el final.;Romance;New Adult;Kennedy, Elle;352;3.96;2;it was ok;not set;Jul 17, 2022
Al final mueren los dos;¿Puede un solo día albergar toda una vida? En un presente alternativo, en el que es posible predecir la muerte con un plazo de veinticuatro horas, Mateo Torrez y Rufus Emeterio acaban de recibir la llamada más temida: la misma que te avisa de que ha llegado tu hora final. En circunstancias normales, es poco probable que Mateo y Rufus se hubieran conocido. Pero sus circunstancias no son normales en absoluto. Porque les quedan, a lo sumo, veinticuatro horas de vida. Y han decidido recurrir a Último Amigo, la aplicación de citas que te permite contactar con alguien dispuesto a compartir tu carga. Mateo y Rufus tienen un día, puede que menos, para disfrutar de su recién nacida amistad. Para descubrir cuán frágiles y preciosos son los hilos que nos unen. Para mostrar al mundo su verdadero yo. La nueva novela de Adam Silvera, un superventas del New York Times que ha cosechado un éxito arrollador por parte de la crítica y los lectores. Un libro emotivo, original y extremo, que aborda la cercanía de la muerte para plasmar magistralmente la fuerza arrolladora de la vida, la amistad y el amor.;Young Adult;LGBT;Silvera, Adam;384;3.81;4;really liked it;not set;Jul 19, 2021
La canción del lobo;Ox nunca tuvo a nadie, hasta que un extraño chico le tendió la mano y lo condujo a un mundo donde lo maravilloso es posible. Le dio un hogar. Una familia. Una manada. Pero allí donde vive lo increíble también lo hacen las pesadillas. Y aunque Ox es solo un humano, muy pronto deberá alzar su aullido y pelear con uñas y dientes por quienes ama;Fantasy;Romance;Klune, T.J.;701;4.36;5;it was amazing;not set;Jul 19, 2021
One of Us Is Lying;This is an alternate cover edition of ASIN B01M98J44U.---One of Us Is Lying is the story of what happens when five strangers walk into detention and only four walk out alive. Everyone is a suspect, and everyone has something to hide.On Monday afternoon, five students at Bayview High walk into detention.Bronwyn, the brain,  is Yale-bound and never breaks a rule.Addy,  the beauty,  is the picture-perfect homecoming princess.Nate, the criminal, is already on probation for dealing.Cooper, the athlete, is the all-star baseball pitcher.And Simon,  the outcast, is the creator of Bayview High's notorious gossip app.Only, Simon never makes it out of that classroom. Before the end of detention, Simon's dead. And according to investigators, his death wasn't an accident. On Monday, he died. But on Tuesday, he'd planned to post juicy reveals about all four of his high-profile classmates, which makes all four of them suspects in his murder. Or are they the perfect patsies for a killer who's still on the loose?Everyone has secrets, right? What really matters is how far you would go to protect them.;Mystery;Young Adult;McManus, Karen;360;3.97;3;liked it;not set;Jul 19, 2021
Circe;In the house of Helios, god of the sun and mightiest of the Titans, a daughter is born. But Circe is a strange child--neither powerful like her father nor viciously alluring like her mother. Turning to the world of mortals for companionship, she discovers that she does possess power: the power of witchcraft, which can transform rivals into monsters and menace the gods themselves.Threatened, Zeus banishes her to a deserted island, where she hones her occult craft, tames wild beasts, and crosses paths with many of the most famous figures in all of mythology, including the Minotaur, Daedalus and his doomed son Icarus, the murderous Medea, and, of course, wily Odysseus.But there is danger, too, for a woman who stands alone, and Circe unwittingly draws the wrath of both men and gods, ultimately finding herself pitted against one of the most terrifying and vengeful of the Olympians. To protect what she loves most, Circe must summon all her strength and choose, once and for all, whether she belongs with the gods she is born from or with the mortals she has come to love.;Fantasy;Fiction;Miller, Madeline;393;4.25;4;really liked it;not set;Jul 19, 2021
Ravensong;Gordo Livingstone never forgot the lessons carved into his skin. Hardened by the betrayal of a pack who left him behind, he sought solace in the garage in his tiny mountain town, vowing never again to involve himself in the affairs of wolves.It should have been enough.And it was, until the wolves came back, and with them, Mark Bennett. In the end, they faced the beast together as a pack… and won.Now, a year later, Gordo has found himself once again the witch of the Bennett pack. Green Creek has settled after the death of Richard Collins, and Gordo constantly struggles to ignore Mark and the song that howls between them.But time is running out. Something is coming. And this time, it’s crawling from within.Some bonds, no matter how strong, were made to be broken.;Fantasy;Romance;Klune, T.J.;400;4.46;4;really liked it;not set;Jul 19, 2021
Heartstopper: Volume Four;Boy meets boy. Boys become friends. Boys fall in love. The bestselling LGBTQ+ graphic novel about life, love, and everything that happens in between: this is the fourth volume of HEARTSTOPPER, for fans of The Art of Being Normal, Holly Bourne and Love, Simon.Charlie didn't think Nick could ever like him back, but now they're officially boyfriends. Charlie's beginning to feel ready to say those three little words: I love you.Nick's been feeling the same, but he's got a lot on his mind - not least coming out to his dad, and the fact that Charlie might have an eating disorder.As summer turns to autumn and a new school year begins, Charlie and Nick are about to learn a lot about what love means.Heartstopper is about love, friendship, loyalty and mental illness. It encompasses all the small stories of Nick and Charlie's lives that together make up something larger, which speaks to all of us.This is the fourth volume of Heartstopper, which has now been optioned for television by See-Saw Films.;Graphic Novels;Romance;Oseman, Alice;384;4.65;5;it was amazing;not set;Nov 25, 2022
Twisted Love;He has a heart of ice...but for her, he'd burn the world. Alex Volkov is a devil blessed with the face of an angel and cursed with a past he can’t escape. Driven by a tragedy that has haunted him for most of his life, his ruthless pursuits for success and vengeance leave little room for matters of the heart. But when he’s forced to look after his best friend’s sister, he starts to feel something in his chest:A crack.A melt.A fire that could end his world as he knew it.***Ava Chen is a free spirit trapped by nightmares of a childhood she can’t remember.But despite her broken past, she’s never stopped seeing the beauty in the world…including the heart beneath the icy exterior of a man she shouldn’t want. Her brother’s best friend. Her neighbor.Her savior and her downfall.Theirs is a love that was never supposed to happen—but when it does, it unleashes secrets that could destroy them both…and everything they hold dear.;Romance;Contemporary;Huang, Ana;360;3.78;1;did not like it;not set;Aug 16, 2022
